Cn.Com.60B.Pattern@CnCom.Id002022.E,DLi@192.168.1.51@12001,2018-05-22 14:57:00
Cn.Com.60B.Pattern@CnCom.Id002022.E,DLj@192.168.1.51@12002,2018-05-22 14:57:00
Cn.Com.60B.Pattern@CnCom.Id002022.E,DLjm@192.168.1.51@12003,2018-05-22 14:57:00
Cn.Com.60B.Pattern@CnCom.Id002022.E,DLl@192.168.1.51@12004,2018-05-22 14:57:00
Cn.Com.60B.Pattern@CnCom.Id002022.E,DLm@192.168.1.51@12005,2018-05-22 14:57:00
Cn.Com.60B.Pattern@CnCom.Id002022.E,DLp@192.168.1.51@12006,2018-05-22 14:57:00
Cn.Com.60B.Pattern@CnCom.Id002022.E,DLpp@192.168.1.51@12007,2018-05-22 14:57:00
Cn.Com.60B.Pattern@CnCom.Id002022.E,SQal@192.168.1.51@12008,2018-05-22 14:57:00
Cn.Com.60B.Pattern@CnCom.Id002022.E,SQau2@192.168.1.51@12009,2018-05-22 14:57:00
Cn.Com.60B.Pattern@CnCom.Id002022.E,SQbu@192.168.1.51@12010,2018-05-22 14:57:00
Cn.Com.60B.Pattern@CnCom.Id002022.E,SQrb@192.168.1.51@12011,2018-05-22 14:57:00
Cn.Com.60B.Pattern@CnCom.Id002022.E,ZZCF@192.168.1.51@12012,2018-05-22 14:57:00
Cn.Com.60B.Pattern@CnCom.Id002022.E,ZZMA@192.168.1.51@12013,2018-05-22 14:57:00
Cn.Com.60B.Pattern@CnCom.Id002022.E,ZZTC@192.168.1.51@12014,2018-05-22 14:57:00
Cn.Com.60B.Pattern@CnCom.X.T2N,DLcs@192.168.1.16@29002,2018-05-29 14:57:00
Cn.Com.60B.Pattern@CnCom.X.T2N,DLj@192.168.1.16@29003,2018-05-29 14:57:00
Cn.Com.60B.Pattern@CnCom.X.T2N,DLjd@192.168.1.16@29004,2018-05-29 14:57:00
Cn.Com.60B.Pattern@CnCom.X.T2N,DLjm@192.168.1.16@29005,2018-05-29 14:57:00
Cn.Com.60B.Pattern@CnCom.X.T2N,DLpp@192.168.1.16@29006,2018-05-29 14:57:00
Cn.Com.60B.Pattern@CnCom.X.T2N,SQal@192.168.1.16@29007,2018-05-29 14:57:00
Cn.Com.60B.Pattern@CnCom.X.T2N,SQau2@192.168.1.16@29008,2018-05-29 14:57:00
Cn.Com.60B.Pattern@CnCom.X.T2N,SQbu@192.168.1.16@29009,2018-05-29 14:57:00
Cn.Com.60B.Pattern@CnCom.X.T2N,SQcu@192.168.1.16@29010,2018-05-29 14:57:00
Cn.Com.60B.Pattern@CnCom.X.T2N,SQhc@192.168.1.16@29011,2018-05-29 14:57:00
Cn.Com.60B.Pattern@CnCom.X.T2N,SQni@192.168.1.16@29012,2018-05-29 14:57:00
Cn.Com.60B.Pattern@CnCom.X.T2N,SQrb@192.168.1.16@29013,2018-05-29 14:57:00
Cn.Com.60B.Pattern@CnCom.X.T2N,SQru@192.168.1.16@29014,2018-05-29 14:57:00
Cn.Com.60B.Pattern@CnCom.X.T2N,SQsn@192.168.1.16@29015,2018-05-29 14:57:00
Cn.Com.60B.Pattern@CnCom.X.T2N,ZZCF@192.168.1.16@29016,2018-05-29 14:57:00
Cn.Com.60B.Pattern@CnCom.X.T2N,ZZMA@192.168.1.16@29018,2018-05-29 14:57:00
Cn.Com.60B.Pattern@CnCom.X.T2N,ZZOI@192.168.1.16@29019,2018-05-29 14:57:00
Cn.Com.60B.Pattern@CnCom.X.T2N,ZZSM@192.168.1.16@29021,2018-05-29 14:57:00
Cn.Com.60B.Pattern@CnCom.X.T2N,ZZSR@192.168.1.16@29022,2018-05-29 14:57:00
Cn.Com.60B.Pattern@CnCom.X.T2N,ZZTA@192.168.1.16@29023,2018-05-29 14:57:00
Cn.Com.60B.Pattern@CnCom.X.T2N,ZZTC@192.168.1.16@29024,2018-05-29 14:57:00
